<?xml version="1.0" encoding="UTF-8" standalone="yes"?>
<manifest>
  <control namespace="GorgonUK" constructor="Dropzone" version="0.0.52" display-name-key="Modern Dropzone" description-key="Modern Dropzone component for Dynamics365 that integrates with Notes and SharePoint OOTB" control-type="virtual" api-version="1.3.14">
    <data-set name="sampleDataSet" display-name-key="Select any table"/>
    <property name="enableSharePointDocuments" display-name-key="Enable SharePoint Documents?" description-key="Simply provide Yes/No" of-type="SingleLine.Text" usage="input" required="true"/>
    <resources>
      <code path="bundle.js" order="1"/>
      <platform-library name="React" version="16.8.6"/>
      <platform-library name="Fluent" version="8.29.0"/>
      <css path="css/Dropzone.css" order="1"/>
    </resources>
    <feature-usage>
      <uses-feature name="WebAPI" required="true"/>
      <uses-feature name="WebAPI.retrieveMultipleRecords" required="true"/>
    </feature-usage>
    <built-by name="pac" version="1.32.5"/>
  </control>
</manifest>