<manifest><control namespace="DR" constructor="FluentUISlider" version="0.0.12" display-name-key="FluentUI Slider" description-key="Turn a numeric field into a FluentUI v9 Slider" control-type="standard" preview-image="img/fluentui-slider.png" api-version="1.3.6"><external-service-usage enabled="false" /><property name="input" display-name-key="Input" description-key="Input column of the slider" of-type-group="numerictypes" usage="bound" required="true" /><property name="min" display-name-key="Min" description-key="Minimum Value of the slider" of-type="Whole.None" usage="input" required="true" /><property name="max" display-name-key="Max" description-key="Maximum Value of the slider" of-type="Whole.None" usage="input" required="true" /><property name="step" display-name-key="Step" description-key="Incremental step of the slider" of-type="Whole.None" usage="input" required="true" /><property name="size" display-name-key="Size" description-key="Size of the Badge. Default: medium" of-type="Enum" usage="input" required="true"><value name="small" display-name-key="small" description-key="small">small</value><value name="medium" display-name-key="medium" description-key="medium" default="true">medium</value></property><property name="vertical" display-name-key="Vertical" description-key="Slider is vertical. Default = False" of-type="Enum" usage="input" required="true"><value name="false" display-name-key="false" description-key="False" default="true">false</value><value name="true" display-name-key="true" description-key="True">true</value></property><property name="showValue" display-name-key="Show Value" description-key="Show selected value. Default = True" of-type="Enum" usage="input" required="true"><value name="false" display-name-key="false" description-key="False">false</value><value name="true" display-name-key="true" description-key="True" default="true">true</value></property><property name="showTooltip" display-name-key="Show Tooltip" description-key="Show tooltip with selected value when hovering over the slider. Default = True" of-type="Enum" usage="input" required="true"><value name="false" display-name-key="false" description-key="False">false</value><value name="true" display-name-key="true" description-key="True" default="true">true</value></property><property name="showMinMax" display-name-key="Show Min Max" description-key="Show min and max values. Default = True" of-type="Enum" usage="input" required="true"><value name="false" display-name-key="false" description-key="False">false</value><value name="true" display-name-key="true" description-key="True" default="true">true</value></property><property name="prefix" display-name-key="Prefix" description-key="(Optional) Display prefix. Ex $ =&gt; $0" of-type="SingleLine.Text" usage="input" /><property name="suffix" display-name-key="Suffix" description-key="(Optional) Display suffix. Ex $ =&gt; 0$" of-type="SingleLine.Text" usage="input" /><property name="theme" display-name-key="Theme" description-key="Theme. Default: Web Light" of-type="Enum" usage="input" required="true"><value name="WebLight" display-name-key="WebLight" description-key="Web Light Theme" default="true">WebLight</value><value name="WebDark" display-name-key="WebDark" description-key="Web Dark Theme">WebDark</value><value name="TeamsLight" display-name-key="TeamsLight" description-key="Teams Light Theme">TeamsLight</value><value name="TeamsDark" display-name-key="TeamsDark" description-key="Teams Dark Theme">TeamsDark</value><value name="TeamsHighContrast" display-name-key="TeamsHighContrast" description-key="Teams High Contrast Theme">TeamsHighContrast</value></property><type-group name="numerictypes"><type>Whole.None</type><type>Currency</type><type>FP</type><type>Decimal</type></type-group><resources><code path="bundle.js" order="1" /></resources><built-by name="pac" version="1.28.2" /></control></manifest>